,codon,aa,gc,usage
0,CTT,L,33.3333333333,12.4855687013
1,ATG,M,33.3333333333,25.9458552258
2,ACA,T,33.3333333333,10.700618182
3,ACG,T,66.6666666667,13.7842361567
4,ATC,I,33.3333333333,22.6855591861
5,ATA,I,0.0,8.21588864166
6,AGG,R,66.6666666667,2.56266871381
7,CCT,P,66.6666666667,7.89911132607
8,AGC,S,66.6666666667,14.9970748902
9,AGA,R,33.3333333333,4.46524522509
10,ATT,I,0.0,29.6690047622
11,CTG,L,66.6666666667,46.0367093507
12,CTA,L,33.3333333333,4.47337385055
13,ACT,T,33.3333333333,11.0162001115
14,CCG,P,100.0,19.3544962894
15,AGT,S,33.3333333333,10.7324154521
16,CCA,P,66.6666666667,8.6299703855
17,CCC,P,100.0,5.63098574646
18,TAT,Y,0.0,18.3379399529
19,GGT,G,66.6666666667,24.9288207349
20,CGA,R,66.6666666667,4.02701668209
21,CGC,R,100.0,18.3826473929
22,CGG,R,100.0,6.49333727651
23,GGG,G,100.0,11.5777924996
24,GGA,G,66.6666666667,10.6061826803
25,GGC,G,100.0,25.658245331
26,TAC,Y,33.3333333333,12.0059797994
27,CGT,R,66.6666666667,18.9165068236
28,GTA,V,33.3333333333,11.8979168963
29,GTC,V,66.6666666667,14.0448303257
30,GTG,V,66.6666666667,23.467102616
31,GAG,E,66.6666666667,18.8039014533
32,GTT,V,33.3333333333,20.0380180594
33,GAC,D,66.6666666667,18.8333079513
34,GAA,E,33.3333333333,38.0192548011
35,AAG,K,33.3333333333,13.0450093945
36,AAA,K,0.0,35.6019450366
37,AAC,N,33.3333333333,21.2028022719
38,CTC,L,66.6666666667,10.0835598789
39,CAT,H,33.3333333333,12.4733757632
40,AAT,N,0.0,22.8313962899
41,CAC,H,66.6666666667,8.81573338491
42,CAA,Q,33.3333333333,14.3836027455
43,CAG,Q,66.6666666667,28.1181108405
44,TGT,C,33.3333333333,5.34504939216
45,TCT,S,33.3333333333,10.9413689418
46,GAT,D,33.3333333333,32.8833979758
47,TTT,F,0.0,22.4591530594
48,TGC,C,66.6666666667,5.99247050205
49,TGG,W,66.6666666667,13.7801718439
50,TTC,F,33.3333333333,15.6222618187
51,TCG,S,66.6666666667,8.51664778355
52,TTA,L,0.0,14.9839256432
53,TTG,L,33.3333333333,12.8566165457
54,TCC,S,66.6666666667,9.28767181583
55,ACC,T,66.6666666667,21.387130808
56,TCA,S,33.3333333333,9.93628831183
57,GCA,A,66.6666666667,21.6034956915
58,GCC,A,100.0,23.8697086533
59,GCG,A,100.0,27.9906826826
60,GCT,A,66.6666666667,17.3550935043
61,TGA,*,33.3333333333,60
62,TAA,*,33.3333333333,20
63,TAG,*,33.333333333,20